标题,封面图链接,链接地址
未知标题,未获取到图片,未获取到链接
未知标题,未获取到图片,未获取到链接
必看！1比4耻辱出局！骑士队输在哪？该如何围绕米切尔争冠？,https://i2.hdslb.com/bfs/archive/3bd9a5985404cec9e9808f2b88fe3ce1797160d7.jpg@672w_378h_1c_!web-home-common-cover,https://www.bilibili.com/video/BV1jeEqz8EUW
我一个流浪汉居然也能有50万粉丝，老表弟来了，花100W庆祝一下。,https://i1.hdslb.com/bfs/archive/b0cc8274d69043df3377bfcbfebb985edb542e84.jpg@672w_378h_1c_!web-home-common-cover,https://www.bilibili.com/video/BV1B1EFztE8N
本集全是生活小妙招,https://i2.hdslb.com/bfs/archive/6bd8b08c74792b97edb01dbdf07b47e4c2944e7b.jpg@672w_378h_1c_!web-home-common-cover,https://www.bilibili.com/video/BV1VCEzzwEqw
帮我见证一下，她叫韩琳，欠我一份炒面！,https://i2.hdslb.com/bfs/archive/6fcf3b1d1dcd7a685635ec852ddbb800b7cf1fb7.jpg@672w_378h_1c_!web-home-common-cover,https://www.bilibili.com/video/BV1zX5LzAEkc
我特别喜欢闻拖拉机的烟味！我是不是有病！,https://i0.hdslb.com/bfs/archive/cd972318c42f9bf078c11d5f336801e93f1af00e.jpg@672w_378h_1c_!web-home-common-cover,https://www.bilibili.com/video/BV1q5EBzAED5
送男人电竞房和5090，他会把我名字刻墓碑上吗？,https://i2.hdslb.com/bfs/archive/0fc09df81bbdcc6f0662da995c59bb1b169bf505.jpg@672w_378h_1c_!web-home-common-cover,https://www.bilibili.com/video/BV1RGEizRELM
公嬷接力之雨宫莲,https://i0.hdslb.com/bfs/archive/80aefc55d91bb73cdcac9a6a5c2102b77cba8fdc.jpg@672w_378h_1c_!web-home-common-cover,https://www.bilibili.com/video/BV1uaE7zcER3
时隔两年，我们在MC中终于达到了两倍光速...,https://i0.hdslb.com/bfs/archive/07417dc391003cd35ecbb83f917ad8ad9cd4ef13.jpg@672w_378h_1c_!web-home-common-cover,https://www.bilibili.com/video/BV1HcEizPEZK
公嬷接力之林克,https://i2.hdslb.com/bfs/archive/de6000b95f288a0148ea61423086b27f827bfbab.jpg@672w_378h_1c_!web-home-common-cover,https://www.bilibili.com/video/BV1RWVXz9Eqj
带外国音乐人第一次游中国，他直呼：这辈子最难忘的经历！,https://i0.hdslb.com/bfs/archive/a932430823670763cf6af8924659572ef62021b0.jpg@672w_378h_1c_!web-home-common-cover,https://www.bilibili.com/video/BV1ihEvz9E5y
全球排名第一自助餐！每天500种美食！到底都吃什么？,https://i2.hdslb.com/bfs/archive/048b42baa3d2058903c26ccce18d124e9d5ea995.jpg@672w_378h_1c_!web-home-common-cover,https://www.bilibili.com/video/BV1Rs5LzHE2a
Tung Tung sahur！史上最恐怖的杀手！,https://i2.hdslb.com/bfs/archive/f5b5a331b15b9109078fc30e1b7820ed00ebb211.jpg@672w_378h_1c_!web-home-common-cover,https://www.bilibili.com/video/BV16W5czdEEw
【MrBeast首发】神庙100小时极限生存挑战！奇琴伊察金字塔,https://i1.hdslb.com/bfs/archive/5212d471199e80297f28bb8f883fa531a2f844d8.jpg@672w_378h_1c_!web-home-common-cover,https://www.bilibili.com/video/BV1Kh5FzAE2t
美国最肥宵夜餐厅！13斤40000千卡的美食有多离谱？,https://i2.hdslb.com/bfs/archive/c0a7e8a9a233df8c43671d1f1aea8ff04435af00.jpg@672w_378h_1c_!web-home-common-cover,https://www.bilibili.com/video/BV1VkETzkErT
你可能不知道我是谁，但是你一定听过我的声音,https://i0.hdslb.com/bfs/archive/82242549eb16c89c181aebbbd5d12646108ace28.jpg@672w_378h_1c_!web-home-common-cover,https://www.bilibili.com/video/BV1EUELz6Eov
求求了，这对我真的很重要！,https://i0.hdslb.com/bfs/sycp/sanlian/image/e9e061f382bd4203a78bca3c3b699931.jpeg@672w_378h_1c_!web-home-common-cover,https://cm.bilibili.com/cm/api/fees/pc/sync/v2?msg=a%7C5637%2Cb%7Cbilibili%2Cc%7C1%2Cd%7C0%2Ce%7CCNuw5AYQ6oWBJRiL75qTASABKAEwrtLBATiFLEIgMTc0NzMyMTY4MDQwOHExNzJhMjdhODdhMTY4cTMwMjZImOTzo%2B0yUgbljqbpl6haBuemj%2BW7umIG5Lit5Zu9aGRwAHiAgICAoCaAAQGIAQCSAQ0xMjAuMzYuMjQ1LjE0oAEBqAEAsgEgfqs6hRBQhANMAex9LUqcOryF0GU8G6jjND4QKUSbAdm6AeoDaHR0cHM6Ly93d3cuYmlsaWJpbGkuY29tL3ZpZGVvL0JWMXQ3Vnl6ZEVRYT90cmFja2lkPXdlYl9wZWdhc3VzXzYucm91dGVyLXdlYi1wZWdhc3VzLTIwNDQ0NjEtNmM5NGY4ZjhmNy16OW04di4xNzQ3MzIxNjgwMzk0Ljg4OSZ0cmFja19pZD1wYmFlcy42Yk1QcElTQ05LX3U4TWpFNENYVktqY0hVY2p2Y1BQVDE4eG1iZG40UVY2RFhVVEF4YVBpVzR0U2hOelV3UDd0NDZzbENOZkM5aU9telpMeXhxcGlqXzJ2S2VNUE00clM5bzhfX1ZKa0hkNk5HLWxnNVU5SG5IZGZEbVB0Y25EcmVScG1EU3kyWFg0Y0ItQmRyZFl0aGt2MEI0M0FrcndYTkVzbHVPdTFFdDgmY2FpZD1fX0NBSURfXyZyZXNvdXJjZV9pZD1fX1JFU09VUkNFSURfXyZzb3VyY2VfaWQ9NTYzNyZyZXF1ZXN0X2lkPTE3NDczMjE2ODA0MDhxMTcyYTI3YTg3YTE2OHEzMDI2JmZyb21fc3BtaWQ9X19GUk9NU1BNSURfXyZjcmVhdGl2ZV9pZD0zMDg3MjE1NDcmbGlua2VkX2NyZWF0aXZlX2lkPTMwODcyMTU0N8IBAjMx0gEA2AGyAuABgJTr3APoAZyT69wD8AEA%2BAEBgAJAiAIAkgIAmAKq1megApC3AagCqtZnsAKQtwG4AgDAAgDIApBO6gIA%2BALZ0QGIAwCSAwCoAwCwAwC4AwDIAwDSA9UBeyIxIjoiMzA4NzIxNTQ3IiwiMTEiOiIyMzMiLCIxMiI6IjU2MzciLCIxMyI6IjYyMjY5MCIsIjE0IjoiODg3IiwiMTUiOiIxMDg5IiwiMTYiOiI2MjI2OTBfMjY4NDEiLCIyIjoiMzE3MjY1NCIsIjI0IjoiMSIsIjMiOiIzMTcyNjU0IiwiNCI6IjM1OCIsIjUiOiIzNjQiLCI2IjoiMzE3MjY1NCIsIjciOiIxMTQ0NTg1OTY3MzkwNzYiLCI4IjoiMzU0NjYzNjk3ODQ4OTg0OCJ94AMA6AMB8AMB%2BgMFb3RoZXKCBAludWxsOm51bGyIBAGQBACYBAGgBAOqBAcI2b6ZHBAEqgQHCPK6mRwQAbgECsAECdAEANgEAOIExAE1Ni57InBzSWQiOjU0OTcwLCJ2MiI6IkFJMy1iR2hKTTNUbDNjZDJYb2NBaGhqcjdfMWZIRHJhOWxhaWNYZ3Z2R2k3eVZsN1FrVHNOcktweW9uZUlYdW1HaU1LWXVWTDFtUWZHNXNhdkZHTXphREljVFYxQkNNV3hUUnY3OURLWUxieERjR1BlWUEifTs2My57InBzSWQiOjU0ODYyLCJ2MiI6IlJnIn07NzAueyJwc0lkIjo1Mzc4NiwidjIiOiJBQSJ96AQA8AQA%2BgSTBXsiYWNjZWxlcmF0ZV9mYWN0b3IiOjEuMCwiYWNjZWxlcmF0ZV9pZCI6MCwiYWRfdHlwZV9maXgiOiJjcG0iLCJhZHZ2X2luZm8iOiJ7XCJhZGp1c3RfYmVmb3JlX2Nvc3RcIjpcIjEuMTA4XCIsXCJhZGp1c3RfcmF0aW9cIjpcIjEuMDAwXCIsXCJiYWxhbmNlcl9pZFwiOjAsXCJiYWxhbmNlcl9yYXRpb1wiOlwiMC4wMDBcIixcImNoYXJnZV9leHBfa2V5X2RlcHRoXCI6XCJcIixcImNoYXJnZV9leHBfa2V5X2xpZ2h0XCI6XCJfZmx5X2NwYV9vbmxpbmVfY2hhcmdlOVwiLFwiY29zdF9kaWZmXCI6XCIwLjAwMFwifSIsImJpel90eXBlIjozLCJiaXpfdHlwZV9maXgiOjMsImNwYSI6IntcImNwYV9sZXZlbFwiOjIsXCJjcGFfc2V0XCI6MjB9IiwiY3BhVGFyZ2V0VHlwZSI6OSwiZnJvbVRyYWNraWQiOiJ3ZWJfcGVnYXN1c182LnJvdXRlci13ZWItcGVnYXN1cy0yMDQ0NDYxLTZjOTRmOGY4ZjctejltOHYuMTc0NzMyMTY4MDM5NC44ODkiLCJpbm5lciI6MCwibWluaV9nYW1lX2lkIjoiIiwibWluaV9nYW1lX3Bvc2l0aW9uX2lkIjoiIiwibW9kZWxTY29yZSI6IntcImN0clwiOlwiMC40NDg1MzZcIixcImZpbmFsX3BjdHJcIjpcIjAuNDQ4NTM2XCIsXCJmaW5hbF9wY3ZyXCI6XCIxMDAwMC4wMDAwMDBcIn0iLCJ2aWRlb191cF9taWQiOjM1NDY2MzY5Nzg0ODk4NDh9gAUAkAUjkAUzkAVIkAVVkAVykAW0AZAFxQGQBdABkAXRAZAF2AGQBYkCkAWOApAFmgKQBZ8CkAWpApAFqgKQBcACkAXCApAFxQKQBcsCkAXOApAF0wKQBdYCkAXXApAF2AKQBdkCkAXaApAF2wKQBd8CkAXhApAF4wKQBeQCkAXlApAF5gKQBfACkAX1ApAF%2BwKQBf8CkAWKA5AFjQOQBZQDkAWYA5AFmQOQBZoDkAWbA5AFoAOQBaUDkAWnA5AFtgOQBbcDkAXAA5AFwQOQBc0DkAXQA5AF4AOQBfUDkAX4A5AF%2BgOQBfsDkAX%2FA5AFtASQBd0EkAXtBJAFxgWQBdYFkAXfBZAF%2FgWQBY8GkAWkBpAFpgaQBboGkAWNB5AFkQeQBZMHkAWhB5AFsAeQBcIHkAXHB5AF7QegBYSQgMCXgxq4BQnABeKAJsgFBeAFAegFAA%3D%3D%2Cf%7Cclick_sync_3%2Cg%7C1%2Ch%7C1%2Ci%7C%2Cj%7C%2Ck%7C1747321683193%2Cl%7C5636%2Cm%7C1747321672365%2Cn%7C1%2Co%7C0%2Cp%7Cad_card&ts=1747321683193
全国最大的二次元商场，谷店连成立体迷宫！,https://i2.hdslb.com/bfs/archive/73a0defac851c400030428f044a5d8bcf1df9836.jpg@672w_378h_1c_!web-home-common-cover,https://www.bilibili.com/video/BV1PZEvzKETx
《锻刀大赛》惊现九淬仙人！一战成神还是魔刀千刃,https://i1.hdslb.com/bfs/archive/8c9c36b28e01cf780f634f66a2e0e49c5179105d.jpg@672w_378h_1c_!web-home-common-cover,https://www.bilibili.com/video/BV1dME1zJEXZ
口碑最烂！黑人队长还是不行！千字赤石《美国队长4》,https://i0.hdslb.com/bfs/archive/14127c4d387f1030422091df264c2f9734c88f35.jpg@672w_378h_1c_!web-home-common-cover,https://www.bilibili.com/video/BV1cs79zmECo
《 国 冥 品 牌 》,https://i2.hdslb.com/bfs/archive/ce70ede9dfb727f926fefa59560ef93014f5e4fa.jpg@672w_378h_1c_!web-home-common-cover,https://www.bilibili.com/video/BV1JG5LzhE8J
【老鼠人行动】航天基地（绝密）???w→721w,https://i2.hdslb.com/bfs/archive/e4bf421a7b8b1ae598fbd42e01f8f58c6f74819c.jpg@672w_378h_1c_!web-home-common-cover,https://www.bilibili.com/video/BV1yQEgzAEHn
健腹轮 练腹肌，到底有用吗？,https://i0.hdslb.com/bfs/archive/3ca3dea94c12f0a1c4c9c9897b2dceaf21f41230.jpg@672w_378h_1c_!web-home-common-cover,https://www.bilibili.com/video/BV1qGVDzWEZR
“三体坏就坏在写晚了，三体选角，但老一辈版！”,https://i1.hdslb.com/bfs/archive/2b966e12b0bd1ed7704af69f7f1e64547fc03f14.jpg@672w_378h_1c_!web-home-common-cover,https://www.bilibili.com/video/BV1xQEvzgEvK
战士开天斩，法师火墙，道士召唤神兽，这些技能你还记得？,https://i0.hdslb.com/bfs/sycp/creative_img/202307/9cab829f82d058a17008145f71d7dc2a.jpg@672w_378h_1c_!web-home-common-cover,https://cm.bilibili.com/cm/api/fees/pc/sync/v2?msg=a%7C5637%2Cb%7Cbilibili%2Cc%7C1%2Cd%7C0%2Ce%7CCMWjmwYQ%2BsLGIRjnwKCDASABKAEw%2BPE%2FOIUsQiExNzQ3MzIxNjgyNDMwcTE3MmEyNWExNzRhMjA3cTY4NTdI%2FvPzo%2B0yUgbljqbpl6haBuemj%2BW7umIG5Lit5Zu9aGRwAXiAgICAoDmAAQGIAQCSAQ0xMjAuMzYuMjQ1LjE0oAHXAagBALIBIJsj4ofuWhyCX24V7YiWCBo7H6WO6TPtE8%2Bfmt4n4uUCugH6AWh0dHBzOi8vdHAuOTM3N3MuY29tLzE1MTQyMzAvP3RyYWNrX2lkPXBiYWVzLjZiTVBwSVNDTktfdThNakU0Q1hWS2pjSFVjanZjUFBUMTh4bWJkbjRRVjZEWFVUQXhhUGlXNHRTaE56VXdQN3RhTnlWc1dBRVdrVElfMHl6YUNtNU9BcHVyZmNIQlB0UlVBN1dBdFlVMWQyYWhrOWJiSGNnVFBIVTlUZzRyWGhRTmpLbl81VUlMX0lxMnF1S29RcGhMbGNZWWxwb0FjbWgtLXVQUjYxUzNrcyZzaWQ9bmV3JmZyb21fYmNnPWJjZ18xMl8yNzUyNTk0OTXCAQIyOdIBANgBygPgAYCU69wD6AGgwh7wAQD4AZ4BgAICiAIAkgIAmAL51aQDoAL%2FJqgCyMVBsALoBrgCAMACgJTr3APIAscC6gIA%2BALSgwGIAwCSAwCoAwCwAwC4AwDIAwDSA5wBeyIxIjoiMjc1MjU5NDk1IiwiMTIiOiI1NjM3IiwiMTMiOiI5OTA2NzQiLCIxNCI6Ijg1NiIsIjE1IjoiODU3IiwiMTYiOiI5OTA2NzRfMTY4NTAiLCIyIjoiMTA0Njc3NiIsIjI0IjoiMSIsIjMiOiIxMDQ2Nzc2IiwiNCI6IjMzNCIsIjUiOiIzNDAiLCI2IjoiMTA0Njc3NiJ94AMA6AMC8AMB%2BgMFb3RoZXKCBAludWxsOm51bGyIBNcBkAQAmAQBoAQBqgQHCL6NmhkQBKoEBwi53ccDEAG4BArABATQBADYBADiBMQBNTYueyJwc0lkIjo1NDk3MCwidjIiOiJBTkZJYU90a3Q4WU5fLXE2WUZ3OWYxMm9hbVNvaTBaWmJLaHNIWmo3c3pCVDFwVGFPZUM0UWlxcHJNWUZhaTcyNzNJR1VVT1Jlb2JpMlp1QlNsOVNkSFYxRlJEVkJDTVd4VFJ2NzlES1lMYnhEY0dQZVlBIn07NjMueyJwc0lkIjo1NDg2MiwidjIiOiJTZyJ9OzcwLnsicHNJZCI6NTM3ODYsInYyIjoiQUEifegEAPAEAPoE1gV7ImFjY2VsZXJhdGVfZmFjdG9yIjoxLjAsImFjY2VsZXJhdGVfaWQiOjAsImFkX3R5cGVfZml4IjoiY3BtIiwiYWR2dl9pbmZvIjoie1wiYWRqdXN0X2JlZm9yZV9jb3N0XCI6XCIxNTguNDY0XCIsXCJhZGp1c3RfcmF0aW9cIjpcIjEuMzAwXCIsXCJiYWxhbmNlcl9pZFwiOjAsXCJiYWxhbmNlcl9yYXRpb1wiOlwiMC4wMDBcIixcImNoYXJnZV9leHBfa2V5X2RlcHRoXCI6XCJfY3BhX2RlZXBfY29zdF9waWRfdjRcIixcImNoYXJnZV9leHBfa2V5X2xpZ2h0XCI6XCJfY3BhX2Nvc3RfcGlkX3Y0XCIsXCJjb3N0X2RpZmZcIjpcIjQ3LjUzOVwifSIsImJpel90eXBlIjo0LCJiaXpfdHlwZV9maXgiOjMsImNwYSI6IntcImNwYV9sZXZlbFwiOjIsXCJjcGFfc2V0XCI6OTg4OH0iLCJjcGFUYXJnZXRUeXBlIjo0LCJmcm9tVHJhY2tpZCI6IndlYl9wZWdhc3VzXzYucm91dGVyLXdlYi1wZWdhc3VzLTIwNDQ0NjEtNmM5NGY4ZjhmNy16OW04di4xNzQ3MzIxNjgyNDE4LjgiLCJpbm5lciI6MCwiaXNfY29tbWVyY2UiOjEsIm1pbmlfZ2FtZV9pZCI6IiIsIm1pbmlfZ2FtZV9wb3NpdGlvbl9pZCI6IiIsIm1vZGVsU2NvcmUiOiJ7XCJjdHJcIjpcIjAuMDU1NDM4XCIsXCJjdnJfbDBcIjpcIjMyNy41NDI4NDdcIixcImN2cl9sMVwiOlwiNjUuMTUyMjA2XCIsXCJmaW5hbF9wY3RyXCI6XCIwLjA1NTQzOFwiLFwiZmluYWxfcGN2clwiOlwiMzI3LjU0Mjg0N1wifSIsInZpZGVvX3VwX21pZCI6MH2ABQCQBSiQBTOQBUOQBUiQBUmQBV6QBWKQBXKQBYQBkAWGAZAFiAGQBYkBkAWsAZAFsQGQBbMBkAW0AZAFyAGQBdABkAXRAZAF1AGQBdcBkAXYAZAF6AGQBfEBkAWJApAFjgKQBZgCkAWaApAFnQKQBZ4CkAWpApAFqgKQBbMCkAW3ApAFwAKQBcICkAXDApAFxQKQBcsCkAXMApAFzgKQBdMCkAXWApAF1wKQBdgCkAXZApAF2gKQBdsCkAXcApAF3wKQBeECkAXjApAF5AKQBeUCkAXmApAF8AKQBfUCkAX7ApAF%2FwKQBYYDkAWKA5AFjQOQBZIDkAWUA5AFmAOQBZkDkAWaA5AFmwOQBZwDkAWgA5AFoQOQBaIDkAWkA5AFpQOQBacDkAWwA5AFsQOQBbYDkAW3A5AFwAOQBcEDkAXNA5AF0wOQBdcDkAXgA5AF5QOQBegDkAXqA5AF6wOQBfIDkAX1A5AF9wOQBfgDkAX6A5AF%2BwOQBf8DkAWABJAFqwSQBa8EkAWwBJAFsQSQBbIEkAW0BJAFuASQBd0EkAXlBJAFnAWQBcAFkAXGBZAFpAaQBaYGkAXhBpAFsAeQBe0HkAWyCKAFALgFBMAF0rs8yAUH4AUE6AUL%2Cf%7Cclick_sync_3%2Cg%7C1%2Ch%7C1%2Ci%7C%2Cj%7C%2Ck%7C1747321685224%2Cl%7C5636%2Cm%7C1747321672365%2Cn%7C1%2Co%7C0%2Cp%7Cad_card&ts=1747321685224
探秘全球最大的国家！战斗民族，吃什么？,https://i0.hdslb.com/bfs/archive/8c77ead082d7684f457b99cc650d4bd68f36760e.jpg@672w_378h_1c_!web-home-common-cover,https://www.bilibili.com/video/BV1xE55zqEj8
再花499元买100斤仓储盲盒，才开俩就中到手机？这什么概率,https://i2.hdslb.com/bfs/archive/85b7da5e56880e97c1f727b5398fd3e2f8e7691b.jpg@672w_378h_1c_!web-home-common-cover,https://www.bilibili.com/video/BV1u2EqzHEmP
一 勺 料 汁,https://i0.hdslb.com/bfs/archive/9e97affe4cb5ed3995390c72b1a1fbb43273cce3.jpg@672w_378h_1c_!web-home-common-cover,https://www.bilibili.com/video/BV1AZEvzKESJ
贝爷荒野烤野猪 遭遇森林大火 差点就被炼化了！《荒野求生》,https://i0.hdslb.com/bfs/archive/b3df0e1b737671af3b19dae3bdc4f3e5a577bc8e.jpg@672w_378h_1c_!web-home-common-cover,https://www.bilibili.com/video/BV1e679ziEAR
元始天尊，启动3.0！！！,https://i0.hdslb.com/bfs/archive/b3f6a039ecee41a02af1606632318b0ad99c8c4e.jpg@672w_378h_1c_!web-home-common-cover,https://www.bilibili.com/video/BV1Qt5VzrExV
【周周怪】2025最新血腥成人童话，砍掉脚趾的“灰姑娘”《丑陋的继姐》,https://i1.hdslb.com/bfs/archive/f6847bc70c76287e778c98d892d1983d910ac435.jpg@672w_378h_1c_!web-home-common-cover,https://www.bilibili.com/video/BV1W9EYzcEHj
全球首测11万爱马仕耳机！听过的人都沉默了..,https://i2.hdslb.com/bfs/archive/574798666e70449e0b2180a1e7c2225f9e564f74.jpg@672w_378h_1c_!web-home-common-cover,https://www.bilibili.com/video/BV1dNEezQErn
【毕导】这个定律，预言了你的人生进度条,https://i0.hdslb.com/bfs/archive/c8f962efc6e16e623cb6e72684ed015328f7b248.jpg@672w_378h_1c_!web-home-common-cover,https://www.bilibili.com/video/BV1VrVSz1Eme
《 鼠 到 临 头 》,https://i2.hdslb.com/bfs/archive/180a24169f12972b97cef76668e3992e3e23096a.jpg@672w_378h_1c_!web-home-common-cover,https://www.bilibili.com/video/BV18hEJzBEre
《苍蓝避风港》首曝PV——提督，欢迎回港！,https://i0.hdslb.com/bfs/sycp/sanlian/image/ae33be5c239d4968a122602aa27c51d0.jpeg@672w_378h_1c_!web-home-common-cover,https://cm.bilibili.com/cm/api/fees/pc/sync/v2?msg=a%7C5637%2Cb%7Cbilibili%2Cc%7C1%2Cd%7C0%2Ce%7CCNHX2wUQ2paJIRjju76BASADKAEwvaK%2BATiFLEIgMTc0NzMyMTY4NDQzMXExNzJhMjdhMTE0YTUzcTgwMzNIz4P0o%2B0yUgbljqbpl6haBuemj%2BW7umIG5Lit5Zu9aGRwAHiAgICAoCaAAQGIAQCSAQ0xMjAuMzYuMjQ1LjE0oAEYqAEqsgEgxSZ2bPmIHN%2BwDg%2BSSCTm0sPP0uWO7%2FUqHaZU%2FJvoKlm6AeoDaHR0cHM6Ly93d3cuYmlsaWJpbGkuY29tL3ZpZGVvL0JWMVJEOXZZUEVXaz90cmFja2lkPXdlYl9wZWdhc3VzXzYucm91dGVyLXdlYi1wZWdhc3VzLTIwNDQ0NjEtNmM5NGY4ZjhmNy1uemJ2NS4xNzQ3MzIxNjg0NDEwLjg5NyZ0cmFja19pZD1wYmFlcy42Yk1QcElTQ05LX3U4TWpFNENYVktqY0hVY2p2Y1BQVDE4eG1iZG40UVY2RFhVVEF4YVBpVzR0U2hOelV3UDd0V3dZelJsNXo2N1ExYnhIS0NiSW5vQUFibkgyR3NvRUQ1MmRrVXVYWVUyUWgwRy1aQmlQNi1CaGRzcVJ5c2lmWHlyVmM4aFFsNDVocmc0NndfclBuX2ZzLUIycFhyRTJpZWlCclJwS3pUZkUmY2FpZD1fX0NBSURfXyZyZXNvdXJjZV9pZD1fX1JFU09VUkNFSURfXyZzb3VyY2VfaWQ9NTYzNyZyZXF1ZXN0X2lkPTE3NDczMjE2ODQ0MzFxMTcyYTI3YTExNGE1M3E4MDMzJmZyb21fc3BtaWQ9X19GUk9NU1BNSURfXyZjcmVhdGl2ZV9pZD0yNzE1NTYwNjcmbGlua2VkX2NyZWF0aXZlX2lkPTI3MTU1NjA2N8IBAjYz0gEA2AGyAuABgJTr3APoAf%2BT69wD8AEA%2BAEDgAJAiAIAkgIAmALY6xygAuKzAagCk60HsALNJrgCAMAC0IYDyAKQTuoCAPgCqvYBiAMAkgMAqAMAsAMAuAMAyAMA0gPVAXsiMSI6IjI3MTU1NjA2NyIsIjExIjoiMTcyIiwiMTIiOiI1NjM3IiwiMTMiOiI1MTg1MjIiLCIxNCI6Ijg4NyIsIjE1IjoiMTA4OSIsIjE2IjoiNTE4NTIyXzMxNTMwIiwiMiI6IjMxMTczNzMiLCIyNCI6IjEiLCIzIjoiMzExNzM3MyIsIjQiOiIzNTgiLCI1IjoiMzY0IiwiNiI6IjMxMTczNzMiLCI3IjoiMTE0MDk2MzA5NjAwMjgwIiwiOCI6IjM1NDY2ODIxMDcxMDMzMzAifeADAOgDA%2FADAPoDBW90aGVyggQJbnVsbDpudWxsiAQYkAQAmAQBoAQDqgQHCMmpjBYQBKoEBwjUlI4WEAG4BArABAnQBADYBADiBMQBNTYueyJwc0lkIjo1NDk3MCwidjIiOiJBSXVySXF1YnNiNlU0c3JtUzRfRWp0OHpHTHdXMFo0cnd0MkNkb0xhWncxeERtdURGSHBEcjJuRWJFS1RZVUxOWGJGLTZLbkIxc1ExOHU2bmxGX2h1Z2xBMzNVNnlUeWlwYjRiWFY5Q3BRSHhEY0dQZVlBIn07NjMueyJwc0lkIjo1NDg2MiwidjIiOiJSQSJ9OzcwLnsicHNJZCI6NTM3ODYsInYyIjoiQUEifegEAPAEAPoElAV7ImFjY2VsZXJhdGVfZmFjdG9yIjoxLjAsImFjY2VsZXJhdGVfaWQiOjAsImFkX3R5cGVfZml4IjoiY3BtIiwiYWR2dl9pbmZvIjoie1wiYWRqdXN0X2JlZm9yZV9jb3N0XCI6XCIzLjExNFwiLFwiYWRqdXN0X3JhdGlvXCI6XCIxLjAwMFwiLFwiYmFsYW5jZXJfaWRcIjowLFwiYmFsYW5jZXJfcmF0aW9cIjpcIjAuMDAwXCIsXCJjaGFyZ2VfZXhwX2tleV9kZXB0aFwiOlwiXCIsXCJjaGFyZ2VfZXhwX2tleV9saWdodFwiOlwiX2ZseV9jcGFfb25saW5lX2NoYXJnZTlcIixcImNvc3RfZGlmZlwiOlwiMC4wMDBcIn0iLCJiaXpfdHlwZSI6MywiYml6X3R5cGVfZml4IjozLCJjcGEiOiJ7XCJjcGFfbGV2ZWxcIjoyLFwiY3BhX3NldFwiOjV9IiwiY3BhVGFyZ2V0VHlwZSI6OSwiZnJvbVRyYWNraWQiOiJ3ZWJfcGVnYXN1c182LnJvdXRlci13ZWItcGVnYXN1cy0yMDQ0NDYxLTZjOTRmOGY4ZjctbnpidjUuMTc0NzMyMTY4NDQxMC44OTciLCJpbm5lciI6MCwibWluaV9nYW1lX2lkIjoiIiwibWluaV9nYW1lX3Bvc2l0aW9uX2lkIjoiIiwibW9kZWxTY29yZSI6IntcImN0clwiOlwiNDIuMDQxOTA0XCIsXCJmaW5hbF9wY3RyXCI6XCI0Mi4wNDE5MDRcIixcImZpbmFsX3BjdnJcIjpcIjEwMDAwLjAwMDAwMFwifSIsInZpZGVvX3VwX21pZCI6MzU0NjY4MjEwNzEwMzMzMH2ABQCQBSOQBTOQBUiQBVWQBXKQBbQBkAXFAZAF0AGQBdEBkAXYAZAFiQKQBY4CkAWaApAFnwKQBakCkAWqApAFwAKQBcICkAXFApAFywKQBc4CkAXTApAF1gKQBdcCkAXYApAF2QKQBdoCkAXfApAF4QKQBeMCkAXkApAF5QKQBeYCkAXwApAF9QKQBfsCkAX%2FApAFigOQBY0DkAWUA5AFmAOQBZkDkAWaA5AFmwOQBaADkAWlA5AFpwOQBbYDkAW3A5AFwAOQBcEDkAXNA5AF0AOQBeADkAX1A5AF%2BAOQBfoDkAX7A5AF%2FwOQBbQEkAXdBJAF7QSQBcYFkAXfBZAF%2FgWQBY8GkAWkBpAFpgaQBboGkAWRB5AFkweQBaEHkAWwB5AFugeQBcIHkAXHB5AF7QegBZiAhPDR%2BBm4BQnABfrSH8gFBOAFAegFAA%3D%3D%2Cf%7Cclick_sync_3%2Cg%7C1%2Ch%7C1%2Ci%7C%2Cj%7C%2Ck%7C1747321687236%2Cl%7C5636%2Cm%7C1747321672365%2Cn%7C1%2Co%7C0%2Cp%7Cad_card&ts=1747321687236
我把你们的奇怪想法都做到了MC里 #9,https://i0.hdslb.com/bfs/archive/9e32fcf5040c1bab799ac30d6653211045524e7e.jpg@672w_378h_1c_!web-home-common-cover,https://www.bilibili.com/video/BV1hfEFzmEe6
逆天！小学生都反应不过来的零帧起手！,https://i1.hdslb.com/bfs/archive/ff6341bd6c11f14cf5d44241fe235f5c299ca33d.jpg@672w_378h_1c_!web-home-common-cover,https://www.bilibili.com/video/BV1W1VXzzEdA
小伙在出租屋啃完猪蹄用猪骨熬汤做一锅麻辣螺蛳粉，味道真不错,https://i0.hdslb.com/bfs/archive/dac5e8980cd7bed1f5ec7ab6d1b3705d215976e2.jpg@672w_378h_1c_!web-home-common-cover,https://www.bilibili.com/video/BV1zsEvzZEgW
这是穿山甲陷阱！,https://i0.hdslb.com/bfs/archive/5cc8029628f0b90ab7ff7405dc326c2f084d9442.jpg@672w_378h_1c_!web-home-common-cover,https://www.bilibili.com/video/BV1yMVoznEuD
食在大革命——工业革命时期的工人饮食（主食篇）,https://i2.hdslb.com/bfs/archive/b74522d1a9503bf5aa08c519bd3ae17fab1d71bf.jpg@672w_378h_1c_!web-home-common-cover,https://www.bilibili.com/video/BV1iy5NzfEmC
"""戴上耳机，再战巅峰""",https://i2.hdslb.com/bfs/archive/5a6570a0f93f44f25e0233456cde7753055e4c3c.jpg@672w_378h_1c_!web-home-common-cover,https://www.bilibili.com/video/BV15wV9zZEtk
《 逃 离 百 吨 王 》,https://i2.hdslb.com/bfs/archive/4e97619939fa12dc81ffa7a1c0da49abe98d6beb.jpg@672w_378h_1c_!web-home-common-cover,https://www.bilibili.com/video/BV18aE7zFE61
【忍唱大挑战】曾经血洗B站的50首日语神曲！全程高能，哪首是你的青春！！,https://i0.hdslb.com/bfs/archive/06a3751bc2b364698d9a00b63d1a6a546bbbdf07.jpg@672w_378h_1c_!web-home-common-cover,https://www.bilibili.com/video/BV1QQEEzNEic
【重返未来1999】二周年限定！薪血队大核到来！——诺谛卡0塑造全面评测！,https://i0.hdslb.com/bfs/archive/622c0e9b0c840467e5735c2906a13e6c02edd300.jpg@672w_378h_1c_!web-home-common-cover,https://cm.bilibili.com/cm/api/fees/pc/sync/v2?msg=a%7C5637%2Cb%7Cbilibili%2Cc%7C1%2Cd%7C0%2Ce%7CCKix5QYQ8dSFJRjUnrGTASAAKAEwu6C%2BATiFLEIgMTc0NzMyMTY4NjQ2MHExNzJhMjZhMTAzYTEwcTYxMThIvJP0o%2B0yUgbljqbpl6haBuemj%2BW7umIG5Lit5Zu9aGRwAXiAgICAoCaAAQGIAQCSAQ0xMjAuMzYuMjQ1LjE0oAECqAEDsgEg1kCj86TE8I1hY3IThQhoKjHxd1V%2FdCzjRx7Td7BKhr26AeoDaHR0cHM6Ly93d3cuYmlsaWJpbGkuY29tL3ZpZGVvL0JWMXpGRTF6UkU1bT90cmFja2lkPXdlYl9wZWdhc3VzXzYucm91dGVyLXdlYi1wZWdhc3VzLTIwNDQ0NjEtNmM5NGY4ZjhmNy03Nmw0ei4xNzQ3MzIxNjg2NDM4Ljg2NCZ0cmFja19pZD1wYmFlcy42Yk1QcElTQ05LX3U4TWpFNENYVktqY0hVY2p2Y1BQVDE4eG1iZG40UVY2RFhVVEF4YVBpVzR0U2hOelV3UDd0MkZEMGNORGZucTk4c1p0N1I2ZU1xZzZNenE0UnRHeGo2SlNfWld3Vk1SdEdmdjFYMEJHZ1Vyd1JaTklZYWc5d1cwbVV6MVhhX2hvZkk3a2NzdDlwVmRGZ1gxdVJKc0toZmR3ZTM0Wk5JUWsmY2FpZD1fX0NBSURfXyZyZXNvdXJjZV9pZD1fX1JFU09VUkNFSURfXyZzb3VyY2VfaWQ9NTYzNyZmcm9tX3NwbWlkPV9fRlJPTVNQTUlEX18mcmVxdWVzdF9pZD0xNzQ3MzIxNjg2NDYwcTE3MmEyNmExMDNhMTBxNjExOCZjcmVhdGl2ZV9pZD0zMDkwODgwODQmbGlua2VkX2NyZWF0aXZlX2lkPTMwOTA4ODA4NMIBAjYw0gEA2AGyAugBwJoM8AEA%2BAEAgAJAiAIAkgIAmAKHjwegAuotqAKHjwewAuotuAIAwAIAyAKQTtACwJoM6gIA%2BAKdXogDAJIDAKgDALADALgDAMgDANIDzgF7IjEiOiIzMDkwODgwODQiLCIxMSI6IjE3MiIsIjEyIjoiNTYzNyIsIjEzIjoiNjI3MDI1IiwiMTQiOiI4ODciLCIxNSI6IjEwODkiLCIxNiI6IjYyNzAyNV8xMjA2MSIsIjIiOiIzMTE3MTE1IiwiMjQiOiIxIiwiMyI6IjMxMTcxMTUiLCI0IjoiMzU4IiwiNSI6IjM2NCIsIjYiOiIzMTE3MTE1IiwiNyI6IjExNDUxMDUyMjIyMTg1NyIsIjgiOiIyMzkzODQ5MTEifeADAOgDBPADAPoDBW90aGVyggQJbnVsbDpudWxsiAQCkAQAmAQBoAQDqgQHCKmIoRwQBKoEBwj6hqEcEAG4BArABAnQBADYBADiBMQBNTYueyJwc0lkIjo1NDk3MCwidjIiOiJBSXVGNzJOWTc3TnVka1BsZDVKbWFNSzYtZXpEd3NLV3p5dGtyY2huN3JSSHhOaEtCcEtQUEZ2X1dzSlNNWGFrdmh3SUpfQVJkQ3RENWlUU043OVNkSFYxRlJEVkJDTVd4VFJ2NzlES1lMX3NoYkpQZVlBIn07NjMueyJwc0lkIjo1NDg2MiwidjIiOiJUQSJ9OzcwLnsicHNJZCI6NTM3ODYsInYyIjoiQUEifegEAPAEAPoEiwV7ImFjY2VsZXJhdGVfZmFjdG9yIjoxLjAsImFjY2VsZXJhdGVfaWQiOjAsImFkX3R5cGVfZml4IjoiY3BtIiwiYWR2dl9pbmZvIjoie1wiYWRqdXN0X2JlZm9yZV9jb3N0XCI6XCIwLjUyOVwiLFwiYWRqdXN0X3JhdGlvXCI6XCIxLjAwMFwiLFwiYmFsYW5jZXJfaWRcIjowLFwiYmFsYW5jZXJfcmF0aW9cIjpcIjAuMDAwXCIsXCJjaGFyZ2VfZXhwX2tleV9kZXB0aFwiOlwiXCIsXCJjaGFyZ2VfZXhwX2tleV9saWdodFwiOlwiX2ZseV9jcGFfb25saW5lX2NoYXJnZTlcIixcImNvc3RfZGlmZlwiOlwiMC4wMDBcIn0iLCJiaXpfdHlwZSI6MywiYml6X3R5cGVfZml4IjozLCJjcGEiOiJ7XCJjcGFfbGV2ZWxcIjoyLFwiY3BhX3NldFwiOjV9IiwiY3BhVGFyZ2V0VHlwZSI6OSwiZnJvbVRyYWNraWQiOiJ3ZWJfcGVnYXN1c182LnJvdXRlci13ZWItcGVnYXN1cy0yMDQ0NDYxLTZjOTRmOGY4ZjctNzZsNHouMTc0NzMyMTY4NjQzOC44NjQiLCJpbm5lciI6MCwibWluaV9nYW1lX2lkIjoiIiwibWluaV9nYW1lX3Bvc2l0aW9uX2lkIjoiIiwibW9kZWxTY29yZSI6IntcImN0clwiOlwiMy43OTMzMDBcIixcImZpbmFsX3BjdHJcIjpcIjMuNzkzMzAwXCIsXCJmaW5hbF9wY3ZyXCI6XCIxMDAwMC4wMDAwMDBcIn0iLCJ2aWRlb191cF9taWQiOjIzOTM4NDkxMX2ABQCQBSOQBTOQBUiQBVWQBXKQBbQBkAXFAZAF0AGQBdEBkAXYAZAFiQKQBY4CkAWaApAFnwKQBakCkAWqApAFwAKQBcICkAXFApAFywKQBc4CkAXTApAF1gKQBdcCkAXYApAF2QKQBdoCkAXfApAF4QKQBeMCkAXkApAF5QKQBeYCkAXwApAF9QKQBfsCkAX%2FApAFigOQBY0DkAWUA5AFmAOQBZkDkAWaA5AFmwOQBaADkAWlA5AFpwOQBbQDkAW2A5AFtwOQBcADkAXBA5AFzQOQBdADkAXgA5AF9QOQBfgDkAX6A5AF%2BwOQBf8DkAW0BJAF3QSQBe0EkAXGBZAF1gWQBd8FkAX%2BBZAFjwaQBaQGkAWmBpAFugaQBZEHkAWTB5AFoQeQBbAHkAXCB5AFxweQBe0HoAWhioD42IQauAUJwAXRoibIBQjgBQHoBQA%3D%2Cf%7Cclick_sync_3%2Cg%7C1%2Ch%7C1%2Ci%7C%2Cj%7C%2Ck%7C1747321689230%2Cl%7C5636%2Cm%7C1747321672365%2Cn%7C1%2Co%7C0%2Cp%7Cad_card&ts=1747321689230
90%的人没发现案件真相，一部被低估的唐探电影，2万字细嗦《唐探1900》包含；剧情、细节、拉片、科普等,https://i0.hdslb.com/bfs/archive/667873dc0c7d384444f16d4989556fa697410ecd.jpg@672w_378h_1c_!web-home-common-cover,https://www.bilibili.com/video/BV13LVZzvE29
我在成为神人之前的作品，拿了很多国奖，可惜没什么用！,https://i1.hdslb.com/bfs/archive/92349f542c8f106bd370c436d88ed4a376d816d8.jpg@672w_378h_1c_!web-home-common-cover,https://www.bilibili.com/video/BV1EzEuzpEM6
中国863计划，揭开了秦始皇陵千年未被盗掘的真正原因,https://i0.hdslb.com/bfs/archive/ff87705691daa826fa3e51b8e1ec9b5b3123b91a.jpg@672w_378h_1c_!web-home-common-cover,https://www.bilibili.com/video/BV1xRV4zqEqx
时隔两年，我们在MC中终于达到了两倍光速...,https://i0.hdslb.com/bfs/archive/07417dc391003cd35ecbb83f917ad8ad9cd4ef13.jpg@672w_378h_1c_!web-home-common-cover,https://www.bilibili.com/video/BV1HcEizPEZK
同样的外卖价格差一倍？！它们到底有什么区别？！,https://i0.hdslb.com/bfs/archive/58d0e7eebc7c6723b039b4c477201fbf8ccf1cf0.jpg@672w_378h_1c_!web-home-common-cover,https://www.bilibili.com/video/BV1HeECz9E9G
全员恶人，无限反转，万字解析奇案—烟锁殡仪馆,https://i0.hdslb.com/bfs/archive/b5bd882b6c4dc36926e7988208ef41395cb7ee95.jpg@672w_378h_1c_!web-home-common-cover,https://www.bilibili.com/video/BV1UbEPz9EoL
二战，但是企鹅统治世界！,https://i1.hdslb.com/bfs/archive/8e69f3a510fe19da7694326bdb81855cc62e543b.jpg@672w_378h_1c_!web-home-common-cover,https://www.bilibili.com/video/BV1QUEEzTEWS
我与麻将不共戴天,https://i0.hdslb.com/bfs/archive/211d2e9b0996fe4611fcc83993a2e67ff0d30082.jpg@672w_378h_1c_!web-home-common-cover,https://www.bilibili.com/video/BV1vSEFz9E63
"自动挂机打金,无限回收,光柱随便爆",https://i0.hdslb.com/bfs/sycp/sanlian/image/75b127c0e68e43a3b63fae305dc25192.jpeg@672w_378h_1c_!web-home-common-cover,https://cm.bilibili.com/cm/api/fees/pc/sync/v2?msg=a%7C5637%2Cb%7Cbilibili%2Cc%7C1%2Cd%7C0%2Ce%7CCOW5ywUQ%2B8zkHRj%2B0tpzIAAoATD21H44hSxCITE3NDczMjE2ODg0NzRxMTcyYTI3YTEwOWEyMDVxOTkxMUiao%2FSj7TJSBuWOpumXqFoG56aP5bu6YgbkuK3lm71oZHAAeICAgICgOYABAYgBAJIBDTEyMC4zNi4yNDUuMTSgAVuoAQCyASDPbN9kadhMM6USQcvfTnvMq37gV2bByGBHzrXW4z9EaroB8gFodHRwczovL2NxLjQzNjZway5jb20vMTMwODY5Lz90cmFja19pZD1wYmFlcy42Yk1QcElTQ05LX3U4TWpFNENYVktqY0hVY2p2Y1BQVDE4eG1iZG40UVY2RFhVVEF4YVBpVzR0U2hOelV3UDd0cFVqVjVDaEFLMndMMUFpc0c2UjlITWRCaGpvVmRyWGlseHNxOG5JNXQ0Mm9KU3g0V2xycUZBdUpVZ2E3RE53ODlZQ1kwMVljb3pGdGxIRnVMWTNxRnJNcXJqNF85bjVib3lnbVY2bC1oaUUmZnJvbV9iY2c9YmNnXzEyXzI0MjY1NzY2MsIBAjY30gEA2AHKA%2BABgJTr3APoAZyT69wD8AEA%2BAFZgAICiAIAkgIAmAL2ts4EoALzNagCzpgNsAKyAbgCAMAC8JMJyALKBOoCAPgC1bcBiAMAkgMAqAMAsAMAuAMAyAMA0gOeAXsiMSI6IjI0MjY1NzY2MiIsIjEyIjoiNTYzNyIsIjEzIjoiMTk3NzUzNiIsIjE0IjoiODU2IiwiMTUiOiI4NzciLCIxNiI6IjE5Nzc1MzZfMjM1MDkiLCIyIjoiMjA3NTI1NCIsIjI0IjoiMSIsIjMiOiIyMDc1MjU0IiwiNCI6IjMzNCIsIjUiOiIzMzkiLCI2IjoiMjA3NTI1NCJ94AMA6AMF8AMA%2BgMFb3RoZXKCBAludWxsOm51bGyIBFuQBACgBAGqBAcIpK62EhAEqgQHCMDPixUQAbgECsAEBNAEANgEAOIExAE1Ni57InBzSWQiOjU0OTcwLCJ2MiI6IkFJdUY3NGFmbUVDVlIzRExTOG9scU5QMng1eFJsck9MMGZxNmI3ZlhuaTVsUV9OaWlTNC05dnEtbnFRRHlzRVRVd3FlWmFabDJrNHNDcHc2NzEtYUZ6OWEta01INUNNV3hUUnY3OURLWUxxSTExVVBlWUEifTs2My57InBzSWQiOjU0ODYyLCJ2MiI6IlRnIn07NzAueyJwc0lkIjo1Mzc4NiwidjIiOiJBQSJ96AQA8AQA%2BgTaBXsiYWNjZWxlcmF0ZV9mYWN0b3IiOjEuMCwiYWNjZWxlcmF0ZV9pZCI6MCwiYWRfdHlwZV9maXgiOiJjcG0iLCJhZHZ2X2luZm8iOiJ7XCJhZGp1c3RfYmVmb3JlX2Nvc3RcIjpcIjg5LjYxM1wiLFwiYWRqdXN0X3JhdGlvXCI6XCIwLjcwMFwiLFwiYmFsYW5jZXJfaWRcIjowLFwiYmFsYW5jZXJfcmF0aW9cIjpcIjAuMDAwXCIsXCJjaGFyZ2VfZXhwX2tleV9kZXB0aFwiOlwiX2NwYV9kZWVwX2Nvc3RfcGlkX3Y0XCIsXCJjaGFyZ2VfZXhwX2tleV9saWdodFwiOlwiX2NwYV9jb3N0X3BpZF92NFwiLFwiY29zdF9kaWZmXCI6XCItMjYuODg0XCJ9IiwiYml6X3R5cGUiOjQsImJpel90eXBlX2ZpeCI6MywiY3BhIjoie1wiY3BhX2xldmVsXCI6MixcImNwYV9zZXRcIjoxMDg4MDB9IiwiY3BhVGFyZ2V0VHlwZSI6NCwiZnJvbVRyYWNraWQiOiJ3ZWJfcGVnYXN1c182LnJvdXRlci13ZWItcGVnYXN1cy0yMDQ0NDYxLTZjOTRmOGY4ZjctejltOHYuMTc0NzMyMTY4ODQ2My41MDgiLCJpbm5lciI6MCwiaXNfY29tbWVyY2UiOjEsIm1pbmlfZ2FtZV9pZCI6IiIsIm1pbmlfZ2FtZV9wb3NpdGlvbl9pZCI6IiIsIm1vZGVsU2NvcmUiOiJ7XCJjdHJcIjpcIjAuMDYyMjk1XCIsXCJjdnJfbDBcIjpcIjU4Ni41MzY0OTlcIixcImN2cl9sMVwiOlwiMzguMzc4ODkxXCIsXCJmaW5hbF9wY3RyXCI6XCIwLjA2MjI5NVwiLFwiZmluYWxfcGN2clwiOlwiNTg2LjUzNjQ5OVwifSIsInZpZGVvX3VwX21pZCI6MH2ABQCQBSiQBTOQBUOQBUiQBUmQBWKQBXKQBYQBkAWGAZAFiAGQBYkBkAWsAZAFsQGQBbMBkAW0AZAFyAGQBdABkAXRAZAF1wGQBdgBkAXoAZAF8QGQBYkCkAWOApAFmAKQBZoCkAWdApAFngKQBakCkAWqApAFswKQBbcCkAXAApAFwgKQBcMCkAXFApAFywKQBcwCkAXOApAF0wKQBdYCkAXXApAF2AKQBdkCkAXaApAF2wKQBdwCkAXfApAF4QKQBeMCkAXkApAF5QKQBeYCkAXwApAF9QKQBfsCkAX%2FApAFhgOQBY0DkAWSA5AFlAOQBZgDkAWZA5AFmgOQBZsDkAWcA5AFoAOQBaEDkAWiA5AFpAOQBaUDkAWnA5AFsAOQBbEDkAW2A5AFtwOQBcADkAXBA5AFzQOQBdMDkAXXA5AF4AOQBeUDkAXoA5AF6gOQBesDkAXyA5AF9QOQBfcDkAX4A5AF%2BgOQBfsDkAX%2FA5AFgASQBasEkAWvBJAFsASQBbEEkAWyBJAFtASQBbgEkAXdBJAF5QSQBcYFkAWkBpAFpgaQBeEGkAX1BpAFsAeQBcIHkAXtB5AF8AeQBbIIoAUAuAUEwAXA2XjIBQngBQToBQs%3D%2Cf%7Cclick_sync_3%2Cg%7C1%2Ch%7C1%2Ci%7C%2Cj%7C%2Ck%7C1747321691230%2Cl%7C5636%2Cm%7C1747321672365%2Cn%7C1%2Co%7C0%2Cp%7Cad_card&ts=1747321691230
为什么日本精神小妹从不缺对象?？白骑士x地雷女cp详解【世界女子图鉴 #地雷妹】,https://i1.hdslb.com/bfs/archive/2a454b3e7bb3c9d6bc6dc1abc2b91a6f6cfa21b5.jpg@672w_378h_1c_!web-home-common-cover,https://www.bilibili.com/video/BV194EMzrE7F
假如你在朱元璋时期贪污八十亿会怎么样？,https://i0.hdslb.com/bfs/archive/ff2af97b5d6ee929a45fb7352fa8d10ef2c5d82c.jpg@672w_378h_1c_!web-home-common-cover,https://www.bilibili.com/video/BV1j9EPzBE2E
挑战用10000元在【一线】到【五线】城市里租房！,https://i1.hdslb.com/bfs/archive/6f1eaad70754674cf201730b7ebd3b5d5c0fe37b.jpg@672w_378h_1c_!web-home-common-cover,https://www.bilibili.com/video/BV1To55zrEqT
哈哈哈哈哈答非所问,https://i0.hdslb.com/bfs/archive/ab77c96d661007e5eb592a3770b50f37357b9ef0.jpg@672w_378h_1c_!web-home-common-cover,https://www.bilibili.com/video/BV1zj7fztEa8
超有趣的后室找异常游戏，全是梗！BACKROOM LOOP,https://i1.hdslb.com/bfs/archive/c2253a58d147a55c976b4872f0aa53b202812c64.jpg@672w_378h_1c_!web-home-common-cover,https://www.bilibili.com/video/BV1T1Evz5EUY
【食录】为什么你很难买到真正的五常大米？食品溯源有多难？,https://i1.hdslb.com/bfs/archive/de25c4b982cb229bcd3521c682d26fb40dddfc0d.jpg@672w_378h_1c_!web-home-common-cover,https://www.bilibili.com/video/BV1XREFznESx
专家教我成为欺诈师,https://i2.hdslb.com/bfs/archive/21610b3b122fae4f1325b19ef33175abdf1b7f33.jpg@672w_378h_1c_!web-home-common-cover,https://www.bilibili.com/video/BV1me5VzqEiq
一个真正想赢的人手里是没有任何技能的,https://i0.hdslb.com/bfs/archive/643273fab92af2008d4eb825695873bdadc99361.jpg@672w_378h_1c_!web-home-common-cover,https://www.bilibili.com/video/BV1u7VdzxEL8
给老人选车太难了！,https://i1.hdslb.com/bfs/archive/603a160fb00b1d130288250b515497357186ce35.jpg@672w_378h_1c_!web-home-common-cover,https://cm.bilibili.com/cm/api/fees/pc/sync/v2?msg=a%7C5637%2Cb%7Cbilibili%2Cc%7C1%2Cd%7C0%2Ce%7CCPuY5gYQoNCLJRj%2FlM%2BTASADKAEw8ZnCATiFLEIgMTc0NzMyMTY5MDQ0MnExNzJhMjdhNjZhMTY0cTUyMThIyrL0o%2B0yUgbljqbpl6haBuemj%2BW7umIG5Lit5Zu9aGRwAXiAgICAoCaAAQGIAQCSAQ0xMjAuMzYuMjQ1LjE0oAEIqAEKsgEgQ4loLHukuKkH5MSHglnQ%2BQ8V07snPZt3fG2QllavlPu6AeoDaHR0cHM6Ly93d3cuYmlsaWJpbGkuY29tL3ZpZGVvL0JWMWR0RXl6MkVSZD90cmFja2lkPXdlYl9wZWdhc3VzXzYucm91dGVyLXdlYi1wZWdhc3VzLTIwNDQ0NjEtNmM5NGY4ZjhmNy03Nmw0ei4xNzQ3MzIxNjkwNDM4LjE4MSZ0cmFja19pZD1wYmFlcy42Yk1QcElTQ05LX3U4TWpFNENYVktqY0hVY2p2Y1BQVDE4eG1iZG40UVY2RFhVVEF4YVBpVzR0U2hOelV3UDd0WnBYaFpxR2hScjdLSUMxN1l0cmE5TmpEWGFMZG9wQWlPLXpHcXJtZ2RyYTZqbzF1ekhMTGltcGNuZHRaLW1acXZjRlR6LXJFQVBTUVRkcVZJMno1T2hiYkN0bC1qaWNqdzdRTDV4V1lSOG8mY2FpZD1fX0NBSURfXyZyZXNvdXJjZV9pZD1fX1JFU09VUkNFSURfXyZzb3VyY2VfaWQ9NTYzNyZmcm9tX3NwbWlkPV9fRlJPTVNQTUlEX18mcmVxdWVzdF9pZD0xNzQ3MzIxNjkwNDQycTE3MmEyN2E2NmExNjRxNTIxOCZjcmVhdGl2ZV9pZD0zMDk1NzgzNjcmbGlua2VkX2NyZWF0aXZlX2lkPTMwOTU3ODM2N8IBAjQz0gEA2AGyAugBwJoM8AEA%2BAEDgAI9iAIAkgIAmAKdnQGgAvwIqAKdnQGwAvwIuAIAwAIAyAKQTtACwJoM6gIA%2BAIAiAMAkgMAqAMAsAMAuAMAyAMA0gPIAXsiMSI6IjMwOTU3ODM2NyIsIjExIjoiMTc2IiwiMTIiOiI1NjM3IiwiMTMiOiIyMjMyOTEwIiwiMTQiOiIxMzk0IiwiMTUiOiIxMzk1IiwiMTYiOiIyMjMyOTEwXzAiLCIyIjoiMzE4MTgwOSIsIjI0IjoiMSIsIjMiOiIzMTgxODA5IiwiNCI6IjAiLCI1IjoiMCIsIjYiOiIzMTgxODA5IiwiNyI6IjExNDUxMDUzOTAwMjQxOSIsIjgiOiIxODI4Njg1NyJ94AMA6AMG8AMA%2BgMFb3RoZXKCBAludWxsOm51bGyIBAiQBACYBAGgBAOqBAcItpymHBAEqgQHCJucphwQAbgECsAECdAEANgEAOIExAE1Ni57InBzSWQiOjU0OTcwLCJ2MiI6IkFORklha3duVFJleV9TWFhyMlo1UjV4c3VpdGxFT3FKckFPbncweUxPbldGWjh4LUJrOS1EVXVjaDBTWFdvNjZGenhzQkJCX2NrYWt4RzRUMWIwSE5RR0tISlB5ZGdnaVJUUnY3OURLWUxieERjR1BlWUEifTs2My57InBzSWQiOjU0ODYyLCJ2MiI6IlBBIn07NzAueyJwc0lkIjo1Mzc4NiwidjIiOiJBQSJ96AQA8AQA%2BgScBXsiYWNjZWxlcmF0ZV9mYWN0b3IiOjEuMCwiYWNjZWxlcmF0ZV9pZCI6MCwiYWRfdHlwZV9maXgiOiJjcG0iLCJhZHZ2X2luZm8iOiJ7XCJhZGp1c3RfYmVmb3JlX2Nvc3RcIjpcIjMuNzI1XCIsXCJhZGp1c3RfcmF0aW9cIjpcIjEuMDAwXCIsXCJiYWxhbmNlcl9pZFwiOjAsXCJiYWxhbmNlcl9yYXRpb1wiOlwiMC4wMDBcIixcImNoYXJnZV9leHBfa2V5X2RlcHRoXCI6XCJcIixcImNoYXJnZV9leHBfa2V5X2xpZ2h0XCI6XCJfZmx5X2NwYV9vbmxpbmVfY2hhcmdlOVwiLFwiY29zdF9kaWZmXCI6XCIwLjAwMFwifSIsImJpel90eXBlIjozLCJiaXpfdHlwZV9maXgiOjMsImNwYSI6IntcImNwYV9sZXZlbFwiOjIsXCJjcGFfc2V0XCI6OH0iLCJjcGFUYXJnZXRUeXBlIjo5LCJmcm9tVHJhY2tpZCI6IndlYl9wZWdhc3VzXzYucm91dGVyLXdlYi1wZWdhc3VzLTIwNDQ0NjEtNmM5NGY4ZjhmNy03Nmw0ei4xNzQ3MzIxNjkwNDM4LjE4MSIsImlubmVyIjowLCJpc19jb21tZXJjZSI6MSwibWluaV9nYW1lX2lkIjoiIiwibWluaV9nYW1lX3Bvc2l0aW9uX2lkIjoiIiwibW9kZWxTY29yZSI6IntcImN0clwiOlwiMTAuMTA5NzE5XCIsXCJmaW5hbF9wY3RyXCI6XCIxMC4xMDk3MTlcIixcImZpbmFsX3BjdnJcIjpcIjEwMDAwLjAwMDAwMFwifSIsInZpZGVvX3VwX21pZCI6MTgyODY4NTd9gAUAkAUzkAVIkAVVkAVykAXQAZAF0QGQBY4CkAWaApAFwAKQBcICkAXFApAFywKQBc4CkAXTApAF1gKQBdgCkAXZApAF2gKQBd8CkAXhApAF4wKQBeUCkAXwApAF8QKQBfUCkAX%2FApAFjAOQBZMDkAWUA5AFpQOQBacDkAW2A5AFtwOQBcQDkAXNA5AF4AOQBeEDkAXkA5AF9QOQBfgDkAX%2FA5AFhwSQBYkEkAW0BJAFyQSQBcsEkAXNBJAFgwWQBaAFkAWqBZAFrwWQBbEFkAW1BZAFxgWQBc4FkAXSBZAF0wWQBe8FkAWjBpAFpgaQBcoGkAXaBpAF8AaQBfkGkAX%2FBpAFigeQBbsHkAXCB5AF9QegBbOkgIDZhBq4BQnABc6kiAHIBQDgBQHoBQA%3D%2Cf%7Cclick_sync_3%2Cg%7C1%2Ch%7C1%2Ci%7C%2Cj%7C%2Ck%7C1747321693245%2Cl%7C5636%2Cm%7C1747321672365%2Cn%7C1%2Co%7C0%2Cp%7Cad_card&ts=1747321693245
两个混混让中国大豆永远无法自给自足？莱阳事件到底咋回事？,https://i0.hdslb.com/bfs/archive/70c7ac1982571a4239ff59ed45511d92804bca91.jpg@672w_378h_1c_!web-home-common-cover,https://www.bilibili.com/video/BV18KENzbE7D
大庆赶海，退潮后发现搁浅的白色大海蜇，一桶好像果冻一样,https://i2.hdslb.com/bfs/archive/a4c1361595bf75cc70e2ca5d7ecc3dfc75396c92.jpg@672w_378h_1c_!web-home-common-cover,https://www.bilibili.com/video/BV1T9E5zEEnf
娱乐至死！世界笑话！特朗普如何“洗白”成美国总统？,https://i0.hdslb.com/bfs/archive/1150f6a3e46d94b5f14c20b4e0da8229e56a7f62.jpg@672w_378h_1c_!web-home-common-cover,https://www.bilibili.com/video/BV1z7EJz7EE6
吃块披萨，你要我命啊？？,https://i1.hdslb.com/bfs/archive/02ef545e8967474da9b3637f7df8fc0583ba0dd0.jpg@672w_378h_1c_!web-home-common-cover,https://www.bilibili.com/video/BV1a8VRztEp2
【Links】飞跃13000公里，我们抵达了北极的心脏,https://i0.hdslb.com/bfs/archive/aa709567ee55a7261b96117e4290d8bacd4c1448.jpg@672w_378h_1c_!web-home-common-cover,https://www.bilibili.com/video/BV1fwEwzeEPp
为什么日本妹子不要彩礼？倒贴嫁人顶级恋爱脑？？,https://i2.hdslb.com/bfs/archive/fed16ac190ac7cb7cbb9045bde07b492bb463b4b.jpg@672w_378h_1c_!web-home-common-cover,https://www.bilibili.com/video/BV14P7fziEgi
珍珠奶茶店,https://i2.hdslb.com/bfs/archive/09d3d187ebd5c9d179890056fccb08ba15e499df.jpg@672w_378h_1c_!web-home-common-cover,https://www.bilibili.com/video/BV1mHE3zkEHB
我竟然跟着团长打县城！体验国内最好玩的景点！太爽了！,https://i1.hdslb.com/bfs/archive/948132c679899248d04a9ae4dde185151383644b.jpg@672w_378h_1c_!web-home-common-cover,https://www.bilibili.com/video/BV1pBVUzZE6e
不肝不氪，经典复古，s级特效+超高爆率,https://i0.hdslb.com/bfs/sycp/sanlian/image/d65b330b6dff49d8882f6070610f5f79.jpeg@672w_378h_1c_!web-home-common-cover,https://cm.bilibili.com/cm/api/fees/pc/sync/v2?msg=a%7C5637%2Cb%7Cbilibili%2Cc%7C1%2Cd%7C0%2Ce%7CCO3b%2FgUQh9SbIBjAmoJ%2BIAAoATCer60BOIUsQiExNzQ3MzIxNjkyNDc5cTE3MmEyN2ExNDBhMTcxcTY3MjlIv8L0o%2B0yUgbljqbpl6haBuemj%2BW7umIG5Lit5Zu9aGRwAXiAgICAoDmAAQGIAQCSAQ0xMjAuMzYuMjQ1LjE0oAGEAagBALIBIF5EMBmaCSm5KG5wTPtzaQShqGHLZn6hKU5J%2FEE3Uy87ugH6AWh0dHBzOi8vdHAuOTM3N3MuY29tLzE3NjQ1MjkvP3RyYWNrX2lkPXBiYWVzLjZiTVBwSVNDTktfdThNakU0Q1hWS2pjSFVjanZjUFBUMTh4bWJkbjRRVjZEWFVUQXhhUGlXNHRTaE56VXdQN3RYVFo1UnlCRldxVk5hRjlFU3pxQnFLa1ZoMWxyUEFJWTYzdnpGaUlTODF1RW9SSzhWdWRHOXFOUlZ2UkJWR0IyNnFCd1YzS3d5NGNmSjREWmNDYXY1VXAyeFYxdkNtTW9EYW56d2lUeDZ4QSZzaWQ9bmV3JmZyb21fYmNnPWJjZ18xMl8yNjQyNzczMTLCAQI1M9IBANgBygPgAYCU69wD6AGgwh7wAQD4AV2AAgKIAgCSAgCYAuHGmAGgAvYPqAL3wASwAk%2B4AgDAAgDIAp2PAeoCAPgCheoBiAMAkgMAqAMAsAMAuAMAyAMA0gOYAXsiMSI6IjI2NDI3NzMxMiIsIjEyIjoiNTYzNyIsIjEzIjoiOTkwNjc0IiwiMTQiOiI4NTYiLCIxNSI6Ijg4MyIsIjE2IjoiOTkwNjc0XzI5OTU3IiwiMiI6IjI4NDA0NzgiLCIyNCI6IjEiLCIzIjoiMjg0MDQ3OCIsIjQiOiIwIiwiNSI6IjAiLCI2IjoiMjg0MDQ3OCJ94AMA6AMH8AMA%2BgMFb3RoZXKCBAludWxsOm51bGyIBIQBkAQAoAQBqgQHCIOAgRgQBKoEBwj5m4AYEAG4BArABCDQBADYBADiBMQBNTYueyJwc0lkIjo1NDk3MCwidjIiOiJBSXVGNzRhZm1EcTNRZmVnc011cTUxaDhzcExBRTQ2bm9rbmlCZWxYanQ1NjJwdFRISExvdzBWODIyWWplcnVOS1k5YUFHVWhPcnRPQ0Rock5DWnpublYxRlJEVkJDTVd4VFJ2NzlES1lMYnhEY0dQZVlBIn07NjMueyJwc0lkIjo1NDg2MiwidjIiOiJQZyJ9OzcwLnsicHNJZCI6NTM3ODYsInYyIjoiQUEifegEAPAEAPoEwwV7ImFjY2VsZXJhdGVfZmFjdG9yIjoxLjAsImFjY2VsZXJhdGVfaWQiOjAsImFkX3R5cGVfZml4IjoiY3BtIiwiYWR2dl9pbmZvIjoie1wiYWRqdXN0X2JlZm9yZV9jb3N0XCI6XCI5My4xMzRcIixcImFkanVzdF9yYXRpb1wiOlwiMC41MDBcIixcImJhbGFuY2VyX2lkXCI6MCxcImJhbGFuY2VyX3JhdGlvXCI6XCIwLjAwMFwiLFwiY2hhcmdlX2V4cF9rZXlfZGVwdGhcIjpcIlwiLFwiY2hhcmdlX2V4cF9rZXlfbGlnaHRcIjpcIl9jcGFfY29zdF9waWRfdjRcIixcImNvc3RfZGlmZlwiOlwiLTQ2LjU2N1wifSIsImJpel90eXBlIjo0LCJiaXpfdHlwZV9maXgiOjMsImNwYSI6IntcImNwYV9sZXZlbFwiOjIsXCJjcGFfc2V0XCI6MTUwfSIsImNwYVRhcmdldFR5cGUiOjMyLCJmcm9tVHJhY2tpZCI6IndlYl9wZWdhc3VzXzYucm91dGVyLXdlYi1wZWdhc3VzLTIwNDQ0NjEtNmM5NGY4ZjhmNy1uemJ2NS4xNzQ3MzIxNjkyNDM0LjU3OCIsImlubmVyIjowLCJpc19jb21tZXJjZSI6MSwibWluaV9nYW1lX2lkIjoiIiwibWluaV9nYW1lX3Bvc2l0aW9uX2lkIjoiIiwibW9kZWxTY29yZSI6IntcImN0clwiOlwiMC4wMzk5NTdcIixcImN2cl9sMFwiOlwiNjUxLjg3OTE1MFwiLFwiY3ZyX2wxXCI6XCIyOC4xMjM3MDdcIixcImZpbmFsX3BjdHJcIjpcIjAuMDM5OTU3XCIsXCJmaW5hbF9wY3ZyXCI6XCI2NTEuODc5MTUwXCJ9IiwidmlkZW9fdXBfbWlkIjowfYAFAJAFKJAFM5AFQ5AFSJAFcpAFswGQBbQBkAXQAZAF0QGQBdcBkAXYAZAFiQKQBY4CkAWaApAFqQKQBaoCkAXAApAFwgKQBcMCkAXFApAFywKQBc4CkAXTApAF1gKQBdcCkAXYApAF2QKQBdoCkAXbApAF3wKQBeECkAXjApAF5AKQBeUCkAXmApAF8AKQBfUCkAX7ApAF%2FwKQBY0DkAWUA5AFmAOQBZkDkAWaA5AFmwOQBaADkAWlA5AFpwOQBbADkAW2A5AFtwOQBcADkAXBA5AFzQOQBeADkAX1A5AF%2BAOQBfoDkAX7A5AF%2FwOQBbQEkAXdBJAFxgWQBdYFkAWkBpAFpgaQBeEGkAWwB5AF7QeQBbIIoAUAuAUgwAXSuzzIBQHgBQToBQA%3D%2Cf%7Cclick_sync_3%2Cg%7C1%2Ch%7C1%2Ci%7C%2Cj%7C%2Ck%7C1747321695258%2Cl%7C5636%2Cm%7C1747321672365%2Cn%7C1%2Co%7C0%2Cp%7Cad_card&ts=1747321695258
深夜的上班族,https://i1.hdslb.com/bfs/archive/2e89a80ccc9d39a1218f9da753a7b11208367fbb.jpg@672w_378h_1c_!web-home-common-cover,https://www.bilibili.com/video/BV17mEVzYE34
深夜12点的路边摊，截胡老板宵夜！,https://i0.hdslb.com/bfs/archive/0c83b46ef47b3972a24af4ea8d39b9a6abf08faa.jpg@672w_378h_1c_!web-home-common-cover,https://www.bilibili.com/video/BV1bo7Zz3ETd
万恶之源詹姆斯登场！还记得当年的詹黑论吗！柯南主线案件回顾#10,https://i1.hdslb.com/bfs/archive/05f0f2b9801c610d6ffc3b9366650ddcec77bb29.jpg@672w_378h_1c_!web-home-common-cover,https://www.bilibili.com/video/BV1PXEvzzEUF
融合新模式：2048！,https://i2.hdslb.com/bfs/archive/3af74e7b464f9068fa5ba9ba050a134884fce7bd.jpg@672w_378h_1c_!web-home-common-cover,https://www.bilibili.com/video/BV1ToEzzpErX
法国人怎么看巴黎公社！,https://i0.hdslb.com/bfs/archive/52e7ec48cde3e47513af097e4180e237bd521b90.jpg@672w_378h_1c_!web-home-common-cover,https://www.bilibili.com/video/BV1vtVozqERn
90后小伙浴血奋战30小时挣626元吃顿泡面，美美睡一觉,https://i0.hdslb.com/bfs/archive/d289e4134abd92b7e589b55b0125d0d0859b6c00.jpg@672w_378h_1c_!web-home-common-cover,https://www.bilibili.com/video/BV1BtVfzLERW
拯救大兵125成功，而且也证明了你杨哥真的不菜！！！,https://i2.hdslb.com/bfs/archive/68dfc750f9a3ac88e3ccd00b2cee7318644ccefc.jpg@672w_378h_1c_!web-home-common-cover,https://www.bilibili.com/video/BV1JtEqzvEXK
国产小屏机横评！小米 vivo OPPO 一加 哪家的小屏值得买？,https://i0.hdslb.com/bfs/archive/a6e0b56fc7478d592b38ecebd00e7b06eb4648ca.jpg@672w_378h_1c_!web-home-common-cover,https://cm.bilibili.com/cm/api/fees/pc/sync/v2?msg=a%7C5637%2Cb%7Cbilibili%2Cc%7C1%2Cd%7C0%2Ce%7CCIXv5AYQpJuDJRjzg6WTASACKAEw4IyNATiFLEIhMTc0NzMyMTY5NDQ0NXExNzJhMjVhMTY1YTI0N3E3NTkySO3R9KPtMlIG5Y6m6ZeoWgbnpo%2Flu7piBuS4reWbvWhkcAB4gICAgKAmgAEBiAEAkgENMTIwLjM2LjI0NS4xNKABA6gBArIBIMdEAAZDoDQ5Vo0D%2BKhrzk01dyh0z3dNtkzsIkL39NpuugHrA2h0dHBzOi8vd3d3LmJpbGliaWxpLmNvbS92aWRlby9CVjEyckVrekZFMnc%2FdHJhY2tpZD13ZWJfcGVnYXN1c182LnJvdXRlci13ZWItcGVnYXN1cy0yMDQ0NDYxLTZjOTRmOGY4ZjctejltOHYuMTc0NzMyMTY5NDQ2MS45MTcmdHJhY2tfaWQ9cGJhZXMuNmJNUHBJU0NOS191OE1qRTRDWFZLamNIVWNqdmNQUFQxOHhtYmRuNFFWNkRYVVRBeGFQaVc0dFNoTnpVd1A3dEplb3hQOWpOX2JaOEVxUXAxSnJfeG4wUExiR2pKLVJjaFFfS1VIak1VUmE0RzVDS2p0NDFMa0dTZWpVVHVTMmVYSWJTcGtVNUdLVGRWSm5KUzNocXVtZllMNEdYTTduVGtJcjFmTzltUWVZJmNhaWQ9X19DQUlEX18mcmVzb3VyY2VfaWQ9X19SRVNPVVJDRUlEX18mc291cmNlX2lkPTU2MzcmZnJvbV9zcG1pZD1fX0ZST01TUE1JRF9fJnJlcXVlc3RfaWQ9MTc0NzMyMTY5NDQ0NXExNzJhMjVhMTY1YTI0N3E3NTkyJmNyZWF0aXZlX2lkPTMwODg4ODA1MSZsaW5rZWRfY3JlYXRpdmVfaWQ9MzA4ODg4MDUxwgECNDXSAQDYAbIC6AGgwh7wAQD4AQKAAj2IAgCSAgCYAsjyDaACqyioAsjyDbACqyi4AgDAAoCU69wDyAKQTtACoMIe6gIA%2BAKEwwGIAwCSAwCoAwCwAwC4AwDIAwDSA84BeyIxIjoiMzA4ODg4MDUxIiwiMTEiOiI5NSIsIjEyIjoiNTYzNyIsIjEzIjoiMjE4ODY5NCIsIjE0IjoiNjgxIiwiMTUiOiI3MjEiLCIxNiI6IjIxODg2OTRfMjQ5NjQiLCIyIjoiMjMxMTc3NiIsIjI0IjoiMSIsIjMiOiIyMzExNzc2IiwiNCI6IjM3MyIsIjUiOiIzNzQiLCI2IjoiMjMxMTc3NiIsIjciOiIxMTQ1MDk5MDE0NjM3OTUiLCI4IjoiMTc4NjkwMTA2In3gAwDoAwjwAwD6AwVvdGhlcoIECW51bGw6bnVsbIgEA5AEAJgEAaAEA6oEBwig%2F5wcEASqBAcI6%2FacHBABuAQKwAQJ0AQA2AQA4gTEATU2LnsicHNJZCI6NTQ5NzAsInYyIjoiQUkzLWJHaEpNM1RsM2NkN2pKaFduYlhtQXNUdGRhZkpUbFgxbWFrNXZKWlp3R2FUdTJsRDlQVTQ3U0poV2VqZnFYRDlHRFV1REp1TXlHeUduRVVyY3ZqajBOaEdnZDlNazl6ZFJmREtZTGk4OG90UGVZQSJ9OzYzLnsicHNJZCI6NTQ4NjIsInYyIjoiUmcifTs3MC57InBzSWQiOjUzNzg2LCJ2MiI6IkFBIn3oBADwBAD6BJsFeyJhY2NlbGVyYXRlX2ZhY3RvciI6MS4wLCJhY2NlbGVyYXRlX2lkIjowLCJhZF90eXBlX2ZpeCI6ImNwbSIsImFkdnZfaW5mbyI6IntcImFkanVzdF9iZWZvcmVfY29zdFwiOlwiMi45NjVcIixcImFkanVzdF9yYXRpb1wiOlwiMS4wMDBcIixcImJhbGFuY2VyX2lkXCI6MCxcImJhbGFuY2VyX3JhdGlvXCI6XCIwLjAwMFwiLFwiY2hhcmdlX2V4cF9rZXlfZGVwdGhcIjpcIlwiLFwiY2hhcmdlX2V4cF9rZXlfbGlnaHRcIjpcIl9mbHlfY3BhX29ubGluZV9jaGFyZ2U5XCIsXCJjb3N0X2RpZmZcIjpcIjAuMDAwXCJ9IiwiYml6X3R5cGUiOjMsImJpel90eXBlX2ZpeCI6MywiY3BhIjoie1wiY3BhX2xldmVsXCI6MixcImNwYV9zZXRcIjo5fSIsImNwYVRhcmdldFR5cGUiOjksImZyb21UcmFja2lkIjoid2ViX3BlZ2FzdXNfNi5yb3V0ZXItd2ViLXBlZ2FzdXMtMjA0NDQ2MS02Yzk0ZjhmOGY3LXo5bTh2LjE3NDczMjE2OTQ0NjEuOTE3IiwiaW5uZXIiOjAsImlzX2NvbW1lcmNlIjoxLCJtaW5pX2dhbWVfaWQiOiIiLCJtaW5pX2dhbWVfcG9zaXRpb25faWQiOiIiLCJtb2RlbFNjb3JlIjoie1wiY3RyXCI6XCIyLjk2MDgyMlwiLFwiZmluYWxfcGN0clwiOlwiMi45NjA4MjJcIixcImZpbmFsX3BjdnJcIjpcIjEwMDAwLjAwMDAwMFwifSIsInZpZGVvX3VwX21pZCI6MTc4NjkwMTA2fYAFAJAFI5AFM5AFSJAFVZAFcpAFtAGQBdABkAXRAZAF2AGQBY4CkAWaApAFwAKQBcICkAXFApAFywKQBc4CkAXTApAF1gKQBdgCkAXZApAF2gKQBd8CkAXhApAF4wKQBeUCkAXwApAF8QKQBfUCkAX%2FApAFjAOQBY0DkAWTA5AFlAOQBZgDkAWZA5AFmgOQBZsDkAWjA5AFpQOQBacDkAW2A5AFtwOQBcADkAXBA5AFxAOQBc0DkAXgA5AF4QOQBeQDkAX1A5AF%2BAOQBf8DkAWHBJAFiQSQBckEkAXLBJAFzQSQBYMFkAWcBZAFoAWQBaoFkAWvBZAFsQWQBbUFkAXGBZAFzgWQBdIFkAXTBZAF7wWQBY8GkAWjBpAFpgaQBcoGkAXVBpAF2gaQBfAGkAX5BpAF%2FwaQBYoHkAWNB5AFkweQBbsHkAXCB5AF9QegBfOBgNDWhBq4BQnABZbLhQHIBQXgBQHoBQA%3D%2Cf%7Cclick_sync_3%2Cg%7C1%2Ch%7C1%2Ci%7C%2Cj%7C%2Ck%7C1747321697275%2Cl%7C5636%2Cm%7C1747321672365%2Cn%7C1%2Co%7C0%2Cp%7Cad_card&ts=1747321697275
做狼性女人，听东北讲武堂,https://i0.hdslb.com/bfs/archive/858f8059efeffa8e3b2ad9e78893253a9b3b9e48.jpg@672w_378h_1c_!web-home-common-cover,https://www.bilibili.com/video/BV1opEMz5EcU
我们穷极一生努力的意义是什么？细节解读哆啦A梦《努力奖金》,https://i2.hdslb.com/bfs/archive/bf12ee71756018a28b52a9916c22f5e103788931.jpg@672w_378h_1c_!web-home-common-cover,https://www.bilibili.com/video/BV1VQEuz5E7A
资源咖来袭？世仇撕逼！全员大戏！鞠婧祎口碑反转？【近期杀青待播剧】,https://i0.hdslb.com/bfs/archive/1d46c3d198ab11beb66d1748b02d9abbaaa6b4c4.jpg@672w_378h_1c_!web-home-common-cover,https://www.bilibili.com/video/BV1xo7dzYEZ4
厨师长教你：“香菜炒牛肉”的家常做法，香辣入味，拌饭拌面绝了,https://i1.hdslb.com/bfs/archive/9a766754b2d59bf425895542ab615aa80164b32e.jpg@672w_378h_1c_!web-home-common-cover,https://www.bilibili.com/video/BV1mxEezME63
全网首创！绳船无限飞行！有手就行！,https://i0.hdslb.com/bfs/archive/535571a635f73d94d6d3ad81b6fd6167ba71b108.jpg@672w_378h_1c_!web-home-common-cover,https://www.bilibili.com/video/BV1h97ZzVEfe
【杜比视界】在万岛之国，第一次去水下拍免费样片？,https://i0.hdslb.com/bfs/archive/fc3aae1be8b62666df92aeec77696ae4af3f8804.jpg@672w_378h_1c_!web-home-common-cover,https://www.bilibili.com/video/BV1k9EyzfEU9
☝🤓诗人握持⚡⚡⚡,https://i1.hdslb.com/bfs/archive/6246d4fb987801f61e868248e31f1f37ec5ef600.jpg@672w_378h_1c_!web-home-common-cover,https://www.bilibili.com/video/BV1nAEBz6Eio
《月入5万精致女孩半夜打扫赏析》：太逆天！半夜2点违法潜入帮别人打扫？！,https://i2.hdslb.com/bfs/archive/3b37bdb219188c25a4c0cb547a8d8c3858ac8b2a.jpg@672w_378h_1c_!web-home-common-cover,https://www.bilibili.com/video/BV1T9ENz4ENb
一人鬼服爽玩版！一玩就是一通宵！,https://i0.hdslb.com/bfs/sycp/sanlian/image/d3449fa217ae40e88c1409c062cc8c19.jpeg@672w_378h_1c_!web-home-common-cover,https://cm.bilibili.com/cm/api/fees/pc/sync/v2?msg=a%7C5637%2Cb%7Cbilibili%2Cc%7C1%2Cd%7C0%2Ce%7CCOnT%2BgUQpcKEIBjcppl9IAAoATD21H44hSxCHzE3NDczMjE2OTY0NjVxMTcyYTI3YTkwYTEwM3EzMTdI0eH0o%2B0yUgbljqbpl6haBuemj%2BW7umIG5Lit5Zu9aGRwAHiAgICAoDmAAQGIAQCSAQ0xMjAuMzYuMjQ1LjE0oAFMqAEAsgEgNsq7BGIN4dRnvsLBLkzddXH5rgvm95FFV9iVM%2FNv9Da6AfIBaHR0cHM6Ly9jcS40MzY2cGsuY29tLzEzMDg3My8%2FdHJhY2tfaWQ9cGJhZXMuNmJNUHBJU0NOS191OE1qRTRDWFZLamNIVWNqdmNQUFQxOHhtYmRuNFFWNkRYVVRBeGFQaVc0dFNoTnpVd1A3dG1YTmQyel9xTXdNOHFtTlA2RlVpQUpUMkxBSnE4cHZKcmRPUGpnUnpzWnhRWFhCcHBCUkFCd3JEVktjM1BzelhKdDhwQmV3SDgwU2FXYllOaEtoZ05ST3N4dVhsbDMyNWZLb0p6eXZZN0owJmZyb21fYmNnPWJjZ18xMl8yNjI1NTg1NTbCAQI2M9IBANgBygPgAYCU69wD6AGck%2BvcA%2FABAPgBSYACAogCAJICAJgC8OiOCaAC5kSoAqabDLACbbgCAMAC8JMJyAL1A%2BoCAPgC1bcBiAMAkgMAqAMAsAMAuAMAyAMA0gOeAXsiMSI6IjI2MjU1ODU1NiIsIjEyIjoiNTYzNyIsIjEzIjoiMTk3NzUzNiIsIjE0IjoiODU2IiwiMTUiOiI4NzciLCIxNiI6IjE5Nzc1MzZfMjM1MDkiLCIyIjoiMjA3NTI1NCIsIjI0IjoiMSIsIjMiOiIyMDc1MjU0IiwiNCI6IjMzNCIsIjUiOiIzMzkiLCI2IjoiMjA3NTI1NCJ94AMA6AMJ8AMA%2BgMFb3RoZXKCBAludWxsOm51bGyIBEyQBACgBAGqBAcIhbjmCRAEqgQHCPCv7hcQAbgECsAEBNAEANgEAOIExAE1Ni57InBzSWQiOjU0OTcwLCJ2MiI6IkFORklha3duVFE3bDlQQVNZYkxWNjA0VEJsRk52R3ZLdm9lT0xVUHNuamV4WTI0d1BzQklQNTVrZm1PODJYVXhnX0lDZFB6MXBzYkVTMS13dWExTzE4dHdBY1lsV3lHdUpiNGJYVjlDcFFIeERjR1BlWUEifTs2My57InBzSWQiOjU0ODYyLCJ2MiI6IlBnIn07NzAueyJwc0lkIjo1Mzc4NiwidjIiOiJBQSJ96AQA8AQA%2BgTaBXsiYWNjZWxlcmF0ZV9mYWN0b3IiOjEuMCwiYWNjZWxlcmF0ZV9pZCI6MCwiYWRfdHlwZV9maXgiOiJjcG0iLCJhZHZ2X2luZm8iOiJ7XCJhZGp1c3RfYmVmb3JlX2Nvc3RcIjpcIjczLjA2MlwiLFwiYWRqdXN0X3JhdGlvXCI6XCIwLjcwMFwiLFwiYmFsYW5jZXJfaWRcIjowLFwiYmFsYW5jZXJfcmF0aW9cIjpcIjAuMDAwXCIsXCJjaGFyZ2VfZXhwX2tleV9kZXB0aFwiOlwiX2NwYV9kZWVwX2Nvc3RfcGlkX3Y0XCIsXCJjaGFyZ2VfZXhwX2tleV9saWdodFwiOlwiX2NwYV9jb3N0X3BpZF92NFwiLFwiY29zdF9kaWZmXCI6XCItMjEuOTE5XCJ9IiwiYml6X3R5cGUiOjQsImJpel90eXBlX2ZpeCI6MywiY3BhIjoie1wiY3BhX2xldmVsXCI6MixcImNwYV9zZXRcIjoxMDg4MDB9IiwiY3BhVGFyZ2V0VHlwZSI6NCwiZnJvbVRyYWNraWQiOiJ3ZWJfcGVnYXN1c182LnJvdXRlci13ZWItcGVnYXN1cy0yMDQ0NDYxLTZjOTRmOGY4ZjctbnpidjUuMTc0NzMyMTY5NjQ0Ny45ODYiLCJpbm5lciI6MCwiaXNfY29tbWVyY2UiOjEsIm1pbmlfZ2FtZV9pZCI6IiIsIm1pbmlfZ2FtZV9wb3NpdGlvbl9pZCI6IiIsIm1vZGVsU2NvcmUiOiJ7XCJjdHJcIjpcIjAuMDQyODUyXCIsXCJjdnJfbDBcIjpcIjUwMS44MTM5OTVcIixcImN2cl9sMVwiOlwiNDAuMzY4NTU3XCIsXCJmaW5hbF9wY3RyXCI6XCIwLjA0Mjg1MlwiLFwiZmluYWxfcGN2clwiOlwiNTAxLjgxMzk5NVwifSIsInZpZGVvX3VwX21pZCI6MH2ABQCQBSiQBTOQBUOQBUiQBUmQBWKQBXKQBYQBkAWGAZAFiAGQBYkBkAWsAZAFsQGQBbMBkAW0AZAFyAGQBdABkAXRAZAF1wGQBdgBkAXoAZAF8QGQBYkCkAWOApAFmAKQBZoCkAWdApAFngKQBakCkAWqApAFswKQBbcCkAXAApAFwgKQBcMCkAXFApAFywKQBcwCkAXOApAF0wKQBdYCkAXXApAF2AKQBdkCkAXaApAF2wKQBdwCkAXfApAF4QKQBeMCkAXkApAF5QKQBeYCkAXwApAF9QKQBfsCkAX%2FApAFhgOQBY0DkAWSA5AFlAOQBZgDkAWZA5AFmgOQBZsDkAWcA5AFoAOQBaEDkAWiA5AFpAOQBaUDkAWnA5AFsAOQBbEDkAW2A5AFtwOQBcADkAXBA5AFzQOQBdMDkAXXA5AF4AOQBeUDkAXoA5AF6gOQBesDkAXyA5AF9QOQBfcDkAX4A5AF%2BgOQBfsDkAX%2FA5AFgASQBasEkAWvBJAFsASQBbEEkAWyBJAFtASQBbgEkAXdBJAF5QSQBcYFkAWkBpAFpgaQBeEGkAX1BpAFsAeQBcIHkAXtB5AF8AeQBbIIoAUAuAUEwAXA2XjIBQHgBQToBQs%3D%2Cf%7Cclick_sync_3%2Cg%7C1%2Ch%7C1%2Ci%7C%2Cj%7C%2Ck%7C1747321699272%2Cl%7C5636%2Cm%7C1747321672365%2Cn%7C1%2Co%7C0%2Cp%7Cad_card&ts=1747321699272
选 择 你 的 干 员 ！,https://i2.hdslb.com/bfs/archive/7696018636ea5f7448bf6da120f8c07f1c0c4aba.jpg@672w_378h_1c_!web-home-common-cover,https://www.bilibili.com/video/BV1NhVZzsEdd
仅需一个模具，就能在家完美复刻脆皮雪糕，据说和梦龙一个味？,https://i0.hdslb.com/bfs/archive/b16ccb0521262d88ecb06df1361470ef4f9d4c4f.jpg@672w_378h_1c_!web-home-common-cover,https://www.bilibili.com/video/BV1uAEAz9EEF
今天必须给你找回面子，太嚣张了,https://i1.hdslb.com/bfs/archive/bbdc2dc3c2b5c217b17d1325fc74b10d56712378.jpg@672w_378h_1c_!web-home-common-cover,https://www.bilibili.com/video/BV1F3EkzDEy7
一口气看完《碟中谍1-7》！完美迎接第8部最终清算！,https://i2.hdslb.com/bfs/archive/54bcfbd92b9fd26959dbbf1f9d6aa48b5a335c51.jpg@672w_378h_1c_!web-home-common-cover,https://www.bilibili.com/video/BV1xoEqzyEKa
【解说员】今天全是高手,https://i2.hdslb.com/bfs/archive/5868d2f6710c714062263b2ef727d73c13781cc3.jpg@672w_378h_1c_!web-home-common-cover,https://www.bilibili.com/video/BV1jJEkzLEvF
广州灭鼠王，摔跤冠军退役后下海灭鼠，一晚上能打上百只,https://i1.hdslb.com/bfs/archive/3d596f48a139a9a480448f8cc64cf0a52d2e0ffc.jpg@672w_378h_1c_!web-home-common-cover,https://www.bilibili.com/video/BV1LxVez6Exu
“素三文鱼”？这么逼真，吃起来究竟怎么样？？,https://i0.hdslb.com/bfs/archive/71ecfcaf2c5d4276ce3a9ca6e6650650b16c0ee6.jpg@672w_378h_1c_!web-home-common-cover,https://www.bilibili.com/video/BV1f27XzkEY9
【潜渊症】Steam94%特别好评！外星几千米深海之下，到底隐藏着什么秘密？,https://i1.hdslb.com/bfs/archive/c0b98f54f4f02c9cf9fc3566702ca46297cd32cc.jpg@672w_378h_1c_!web-home-common-cover,https://www.bilibili.com/video/BV1LW7fzXEkv
膜翅目：来自混沌的守序,https://i2.hdslb.com/bfs/archive/c1cd777ed3ae753802027229b9f3c0bc1c3c088f.jpg@672w_378h_1c_!web-home-common-cover,https://cm.bilibili.com/cm/api/fees/pc/sync/v2?msg=a%7C5637%2Cb%7Cbilibili%2Cc%7C1%2Cd%7C0%2Ce%7CCO7e5AYQw8%2BCJRjCiqKTASAFKAEw34%2B4ATiFLEIeMTc0NzMyMTY5ODQ4MHExNzJhMjdhM2E5N3E1MTA5SLDx9KPtMlIG5Y6m6ZeoWgbnpo%2Flu7piBuS4reWbvWhkcAF4gICAgKAmgAEBiAEAkgENMTIwLjM2LjI0NS4xNKABI6gBEbIBIFe4DZJxudDnN%2B32ikXnU0wKEzY4eDKGp6igojPVOlv3ugHoA2h0dHBzOi8vd3d3LmJpbGliaWxpLmNvbS92aWRlby9CVjFQOExlemRFdUE%2FdHJhY2tpZD13ZWJfcGVnYXN1c182LnJvdXRlci13ZWItcGVnYXN1cy0yMDQ0NDYxLTZjOTRmOGY4ZjctbnpidjUuMTc0NzMyMTY5ODQ2OS4xMTkmdHJhY2tfaWQ9cGJhZXMuNmJNUHBJU0NOS191OE1qRTRDWFZLamNIVWNqdmNQUFQxOHhtYmRuNFFWNkRYVVRBeGFQaVc0dFNoTnpVd1A3dHhsS29YTFg0T0dQZHpKSmo5SjhuRkRNamFFMGRoOWxTUzQyY0o5c0NqakR5SmVWTVcxWlNXZXB4YWhWQWo0SlVxQkFnNHFzdG04T244UUpRazRfYXVoR1FvbXcxU1VKNWRQMjBxTTlraTVVJmNhaWQ9X19DQUlEX18mcmVzb3VyY2VfaWQ9X19SRVNPVVJDRUlEX18mc291cmNlX2lkPTU2MzcmZnJvbV9zcG1pZD1fX0ZST01TUE1JRF9fJnJlcXVlc3RfaWQ9MTc0NzMyMTY5ODQ4MHExNzJhMjdhM2E5N3E1MTA5JmNyZWF0aXZlX2lkPTMwODgzOTc0NiZsaW5rZWRfY3JlYXRpdmVfaWQ9MzA4ODM5NzQ2wgECNTbSAQDYAbIC6AGAkvQB8AEA%2BAEFgAJAiAIAkgIAmALaxQ6gAucXqALaxQ6wAucXuAIAwAIAyAKQTtACgJL0AeoCAPgCAIgDAJIDAKgDALADALgDAMgDANIDxgF7IjEiOiIzMDg4Mzk3NDYiLCIxMSI6IjIwMSIsIjEyIjoiNTYzNyIsIjEzIjoiMzIxODYyIiwiMTQiOiIxMzk0IiwiMTUiOiIxMzk1IiwiMTYiOiIzMjE4NjJfMCIsIjIiOiIzMDE2NjcxIiwiMjQiOiIxIiwiMyI6IjMwMTY2NzEiLCI0IjoiMCIsIjUiOiIwIiwiNiI6IjMwMTY2NzEiLCI3IjoiMTE0MzkxMDM1MDg5NjM4IiwiOCI6IjcyMjcwNTU3In3gAwDoAwrwAwD6AwVvdGhlcoIECW51bGw6bnVsbIgEI5AEAJgEAaAEA6oEBwjs%2FNwaEASqBAcI3vzcGhABuAQKwAQJ0AQA2AQA4gTEATU2LnsicHNJZCI6NTQ5NzAsInYyIjoiQU5PYjA3cFFPRkNkODJlZkZIWXAwVWVoY2NfbFhDSl91OHFsOXljMlRadUJraDYxRHJVRWdQalpFSVAxdHN2dnlxcENHY1NBdFgyR1lKdUxoT1N1WmN3QzNtQktmR21zUURSdjc5REtZTGJ4RGNHUGVZQSJ9OzYzLnsicHNJZCI6NTQ4NjIsInYyIjoiVEEifTs3MC57InBzSWQiOjUzNzg2LCJ2MiI6IkFBIn3oBADwBAD6BI0FeyJhY2NlbGVyYXRlX2ZhY3RvciI6MS4wLCJhY2NlbGVyYXRlX2lkIjowLCJhZF90eXBlX2ZpeCI6ImNwbSIsImFkdnZfaW5mbyI6IntcImFkanVzdF9iZWZvcmVfY29zdFwiOlwiNS43NTFcIixcImFkanVzdF9yYXRpb1wiOlwiMS4wMDBcIixcImJhbGFuY2VyX2lkXCI6MCxcImJhbGFuY2VyX3JhdGlvXCI6XCIwLjAwMFwiLFwiY2hhcmdlX2V4cF9rZXlfZGVwdGhcIjpcIlwiLFwiY2hhcmdlX2V4cF9rZXlfbGlnaHRcIjpcIl9mbHlfY3BhX29ubGluZV9jaGFyZ2U5XCIsXCJjb3N0X2RpZmZcIjpcIjAuMDAwXCJ9IiwiYml6X3R5cGUiOjMsImJpel90eXBlX2ZpeCI6MywiY3BhIjoie1wiY3BhX2xldmVsXCI6MixcImNwYV9zZXRcIjoxOX0iLCJjcGFUYXJnZXRUeXBlIjo5LCJmcm9tVHJhY2tpZCI6IndlYl9wZWdhc3VzXzYucm91dGVyLXdlYi1wZWdhc3VzLTIwNDQ0NjEtNmM5NGY4ZjhmNy1uemJ2NS4xNzQ3MzIxNjk4NDY5LjExOSIsImlubmVyIjoxLCJtaW5pX2dhbWVfaWQiOiIiLCJtaW5pX2dhbWVfcG9zaXRpb25faWQiOiIiLCJtb2RlbFNjb3JlIjoie1wiY3RyXCI6XCIxNy41MTQ3NTlcIixcImZpbmFsX3BjdHJcIjpcIjE3LjUxNDc1OVwiLFwiZmluYWxfcGN2clwiOlwiMTAwMDAuMDAwMDAwXCJ9IiwidmlkZW9fdXBfbWlkIjo3MjI3MDU1N32ABQCQBSOQBSWQBTOQBTuQBUeQBUiQBVWQBdABkAWaApAFzgKQBdMCkAXWApAF1wKQBdgCkAXaApAF3wKQBfACkAX7ApAF%2FwKQBY0DkAWUA5AFmAOQBZkDkAWaA5AFmwOQBacDkAXAA5AFwQOQBc0DkAXgA5AF9QOQBfgDkAX%2FA5AFtASQBcYFkAWABpAFgQaQBYIGkAWmBpAFwgegBealjOibgRq4BQnABcbSE8gFCOAFAegFAA%3D%3D%2Cf%7Cclick_sync_3%2Cg%7C1%2Ch%7C1%2Ci%7C%2Cj%7C%2Ck%7C1747321701284%2Cl%7C5636%2Cm%7C1747321672365%2Cn%7C1%2Co%7C0%2Cp%7Cad_card&ts=1747321701284
【马牛逼】旧版真神为何无人问津？地球online首位英雄！马牛逼最细攻略！,https://i2.hdslb.com/bfs/archive/f3dc8c9efdad6e6bbc1f8f80c8827ebed7978099.jpg@672w_378h_1c_!web-home-common-cover,https://www.bilibili.com/video/BV1PQEYzaEvs
小伯恩山第一次体验蹦床，笑死…..一脸生无可恋！,https://i0.hdslb.com/bfs/archive/365efdd37762378d1de1ba910b0499a0f3801682.jpg@672w_378h_1c_!web-home-common-cover,https://www.bilibili.com/video/BV1uWEizEE1o
